"variable","mid","upr","lwr"
"Smsy",18705.1524437962,26220.6684583313,10021.4204311029
"Heq",23806.5576557406,33858.0428231954,16529.9780323157
"Umsy",0.56,0.66,0.45
